bigg.reaction,formula
ex_14glucan_e,C00718 <=> 
ex_fe3hox_e,C06227 <=> 
ex_mobd_e,C06232 <=> 
14glucanabcpp,C00001 + C00002 + C00718 <=> C00008 + C00009
14glucantexi, <=> C00718
23pde2pp,C00001 + C02355 <=> C01368
23pde4pp,C00001 + C02354 <=> C05822
23pde7pp,C00001 + C02353 <=> C01367
23pde9pp,C00001 + C06194 <=> C06193
2mahmp,C00001 + C04752 <=> C00009 + C04556
3hcinnmh,C00004 + C00007 + C12621 <=> C00001 + C00003 + C12623
3hpppnh,C00004 + C00007 + C11457 <=> C00001 + C00003 + C04044
3kgk,C00002 + C00618 <=> C00008 + C14899
3ntd2pp,C00001 + C01368 <=> C00009 + C00299
3ntd4pp,C00001 + C05822 <=> C00009 + C00475
3ntd7pp,C00001 + C01367 <=> C00009 + C00212
3ntd9pp,C00001 + C06193 <=> C00009 + C00387
3oxcoat,C00010 + C02232 <=> C00024 + C00091
4hthrs,C00001 + C06055 <=> C00009 + C06056
5dglcnr,C00005 + C01062 <=> C00006 + C00257
abutd,C00001 + C00003 + C00555 <=> C00004 + C00334
acacct,C00024 + C00164 <=> C00033 + C00332
acact1r,2 C00024 <=> C00010 + C00332
acact2r,C00024 + C00136 <=> C00010 + C05269
acact3r,C00024 + C05270 <=> C00010 + C05267
acact4r,C00024 + C01944 <=> C00010 + C05265
acact5r,C00024 + C05274 <=> C00010 + C05263
acact6r,C00024 + C01832 <=> C00010 + C05261
acact7r,C00024 + C02593 <=> C00010 + C05259
acact8r,C00010 + C16216 <=> C00024 + C00154
acald,C00003 + C00010 + C00084 <=> C00004 + C00024
acanthat,C00024 + C00108 <=> C00010 + C06332
acbipgt,C00044 + C06509 <=> C00013 + C06510
accoac,C00002 + C00024 + C00288 <=> C00008 + C00009 + C00083
accoal,C00002 + C00010 + C00163 <=> C00008 + C00009 + C00100
acgal1pppp,C00001 + C18060 <=> C00009 + C01132
acgam1pppp,C00001 + C04256 <=> C00009 + C00140
acgamk,C00002 + C00140 <=> C00008 + C00357
acgaptspp,C00074 + C00140 <=> C00022 + C00357
acgk,C00002 + C00624 <=> C00008 + C04133
achbs,C00022 + C00109 <=> C00011 + C00659
ackr,C00002 + C00033 <=> C00008 + C00227
acmanaptspp,C00074 + C00645 <=> C00022 + C04257
acmumptspp,C00074 + C02713 <=> C00022 + C16698
acnml,C00270 <=> C00022 + C00645
acoad1f,C00016 + C00136 <=> C00877 + C01352
acoad2f,C00016 + C05270 <=> C01352 + C05271
acoad3f,C00016 + C01944 <=> C01352 + C05276
acoad4f,C00016 + C05274 <=> C01352 + C05275
acoad5f,C00016 + C01832 <=> C01352 + C03221
acoad6f,C00016 + C02593 <=> C01352 + C05273
acoad7f,C00016 + C00154 <=> C01352 + C05272
acoad8f,C00016 + C00412 <=> C01352 + C16218
acoda,C00001 + C00437 <=> C00033 + C00077
aconis,C02341 <=> C00417
aconmt,C00019 + C02341 <=> C00021 + C11514
aconta,C00158 <=> C00001 + C00417
acontb,C00001 + C00417 <=> C00311
acs,C00002 + C00010 + C00033 <=> C00013 + C00020 + C00024
adcl,C11355 <=> C00022 + C00568
adk1,C00002 + C00020 <=> 2 C00008
adk3,C00020 + C00044 <=> C00008 + C00035
adk4,C00020 + C00081 <=> C00008 + C00104
admdc,C00019 <=> C00011 + C01137
adncyc,C00002 <=> C00013 + C00575
adnk1,C00002 + C00212 <=> C00008 + C00020
adocbik,C00002 + C06508 <=> C00008 + C06509
adocbls,C05775 + C06510 <=> C00144 + C00194
adprdp,C00001 + C00301 <=> C00020 + C03736
adpt,C00119 + C00147 <=> C00013 + C00020
adsk,C00002 + C00224 <=> C00008 + C00053
adsl1r,C03794 <=> C00020 + C00122
adsl2r,C04823 <=> C00122 + C04677
agdc,C00001 + C00357 <=> C00033 + C00352
agmhe,C06397 <=> C06398
agmt,C00001 + C00179 <=> C00086 + C00134
agpr,C00006 + C00009 + C01250 <=> C00005 + C04133
aicart,C00234 + C04677 <=> C00101 + C04734
airc2,C00002 + C00288 + C03373 <=> C00008 + C00009 + C15667
airc3,C04751 <=> C15667
akgdh,C00003 + C00010 + C00026 <=> C00004 + C00011 + C00091
alcd19,C00004 + C00577 <=> C00003 + C00116
alcd2x,C00003 + C00469 <=> C00004 + C00084
aldd19xr,C00001 + C00003 + C00601 <=> C00004 + C00548
aldd2x,C00001 + C00003 + C00084 <=> C00004 + C00033
aldd2y,C00001 + C00006 + C00084 <=> C00005 + C00033
aldd3y,C00001 + C00006 + C00479 <=> C00005 + C00163
aldd4,C00001 + C00003 + C01412 <=> C00004 + C00246
alltn,C00001 + C01551 <=> C00499
alr2,C00005 + C00546 <=> C00006 + C05235
altrh,C00817 <=> C00001 + C00204
amanaper,C04257 <=> C00357
amank,C00002 + C00645 <=> C00008 + C04257
amaotr,C00019 + C01092 <=> C01037 + C04425
ampms2,C00001 + C00003 + C03373 <=> C00004 + 2 C00058 + C04556
ampn,C00001 + C00020 <=> C00147 + C03736
anprt,C00108 + C00119 <=> C00013 + C04302
aobutds,C03214 <=> C00011 + C01888
ap4ah,C00001 + C01260 <=> 2 C00008
ap4as,2 C00002 <=> C00013 + C01260
ap5ah,C00001 + C04058 <=> C00002 + C00008
apcs,C01137 + C01672 <=> C00170 + C16565
appldhr,C00004 + C01888 <=> C00003 + C05771
apraur,C00005 + C01268 <=> C00006 + C04454
arbtptspp,C00074 + C06186 <=> C00022 + C06187
asad,C00006 + C00009 + C00441 <=> C00005 + C03082
ascbpl,C00001 + C16186 <=> C14899
atpm,C00001 + C00002 <=> C00008 + C00009
atpprt,C00002 + C00119 <=> C00013 + C02739
atps4rpp,C00008 + C00009 <=> C00001 + C00002
betaldhx,C00001 + C00003 + C00576 <=> C00004 + C00719
betaldhy,C00001 + C00006 + C00576 <=> C00005 + C00719
bpnt,C00001 + C00054 <=> C00009 + C00020
butct,C00024 + C00246 <=> C00033 + C00136
cat,2 C00027 <=> 2 C00001 + C00007
cdgr,2 C00005 + C15996 <=> 2 C00006 + C16675
cdpmek,C00002 + C11435 <=> C00008 + C11436
chold,C00003 + C00114 <=> C00004 + C00576
chorm,C00251 <=> C00254
chors,C01269 <=> C00009 + C00251
chrpl,C00251 <=> C00022 + C00156
cinndo,C00004 + C00007 + C00423 <=> C00003 + C12622
citl,C00158 <=> C00033 + C00036
cmpn,C00001 + C00055 <=> C00380 + C03736
cpmps,C00001 + C00044 <=> C00013 + C18239
cpppgo,C00007 + C03263 <=> 2 C00001 + 2 C00011 + C01079
cs,C00001 + C00024 + C00036 <=> C00010 + C00158
cyanst,C00177 + C00320 <=> C00094 + C01755
cyanstpp,C00177 + C00320 <=> C00094 + C01755
cytdk2,C00044 + C00475 <=> C00035 + C00055
cytk1,C00002 + C00055 <=> C00008 + C00112
cytk2,C00002 + C00239 <=> C00008 + C00705
dadk,C00002 + C00360 <=> C00008 + C00206
dbts,C00002 + C00011 + C01037 <=> C00008 + C00009 + C01909
ddgalk,C00002 + C01216 <=> C00008 + C01286
ddglk,C00002 + C00204 <=> C00008 + C04442
ddpa,C00001 + C00074 + C00279 <=> C00009 + C04691
ddpgala,C01286 <=> C00022 + C00118
dgk1,C00002 + C00362 <=> C00008 + C00361
dhad1,C04272 <=> C00001 + C00141
dhad2,C04104 <=> C00001 + C00671
dhapt,C00074 + C00184 <=> C00022 + C00111
dhbd,C00003 + C04171 <=> C00004 + C00196
dhbs,C00002 + C00196 <=> C00013 + C04030
dhcind,C00003 + C12622 <=> C00004 + C12623
dhdpry,C00005 + C03340 <=> C00006 + C03972
dhdps,C00022 + C00441 <=> 2 C00001 + C03340
dhfr,C00005 + C00415 <=> C00006 + C00101
dhnpa2r,C04874 <=> C00266 + C01300
dhppd,C00003 + C11588 <=> C00004 + C04044
dhps2,C00568 + C04807 <=> C00013 + C00921
dhptdnr,C00005 + C05649 <=> C00006 + C05650
dhptdnrn,C00004 + C05649 <=> C00003 + C05650
dhqs,C04691 <=> C00009 + C00944
dhqti,C00944 <=> C00001 + C02637
dkglcnr2x,C00004 + C02780 <=> C00003 + C01062
dkglcnr2y,C00005 + C02780 <=> C00006 + C01062
dmatt,C00129 + C00235 <=> C00013 + C00341
dmpps,C00004 + C11811 <=> C00001 + C00003 + C00235
dnmppa,C00001 + C05925 <=> C00009 + C04874
dntppa,C00001 + C04895 <=> C00013 + C05925
dogulnr,C00004 + C04575 <=> C00003 + C00618
dpcoak,C00002 + C00882 <=> C00008 + C00010
drpa,C00673 <=> C00084 + C00118
dtmpk,C00002 + C00364 <=> C00008 + C00363
duradx,C00003 + C00429 <=> C00004 + C00106
durik1,C00002 + C00526 <=> C00008 + C00365
duripp,C00009 + C00526 <=> C00106 + C00672
dutpdp,C00001 + C00460 <=> C00013 + C00365
dxprii,C00005 + C11437 <=> C00006 + C11434
dxps,C00022 + C00118 <=> C00011 + C11437
dxylk,C00002 + C06257 <=> C00008 + C11437
e4pd,C00001 + C00003 + C00279 <=> C00004 + C03393
ecoah1,C01144 <=> C00001 + C00877
ecoah2,C05268 <=> C00001 + C05271
ecoah3,C05266 <=> C00001 + C05276
ecoah4,C05264 <=> C00001 + C05275
ecoah5,C05262 <=> C00001 + C03221
ecoah6,C05260 <=> C00001 + C05273
ecoah7,C05258 <=> C00001 + C05272
ecoah8,C16217 <=> C00001 + C16218
eda,C04442 <=> C00022 + C00118
edd,C00345 <=> C00001 + C04442
eno,C00631 <=> C00001 + C00074
entcs,3 C04030 + 3 C05820 <=> 6 C00020 + C05821
f6pa,C00085 <=> C00118 + C00184
f6pp,C00001 + C00085 <=> C00009 + C00095
facoae100,C00001 + C05274 <=> C00010 + C01571
facoae120,C00001 + C01832 <=> C00010 + C02679
facoae140,C00001 + C02593 <=> C00010 + C06424
facoae160,C00001 + C00154 <=> C00010 + C00249
facoae180,C00001 + C00412 <=> C00010 + C01530
facoae60,C00001 + C05270 <=> C00010 + C01585
facoae80,C00001 + C01944 <=> C00010 + C06423
facoal100t2pp,C00002 + C00010 + C01571 <=> C00013 + C00020 + C05274
facoal120t2pp,C00002 + C00010 + C02679 <=> C00013 + C00020 + C01832
facoal140t2pp,C00002 + C00010 + C06424 <=> C00013 + C00020 + C02593
facoal160t2pp,C00002 + C00010 + C00249 <=> C00013 + C00020 + C00154
facoal180t2pp,C00002 + C00010 + C01530 <=> C00013 + C00020 + C00412
facoal60t2pp,C00002 + C00010 + C01585 <=> C00013 + C00020 + C05270
facoal80t2pp,C00002 + C00010 + C06423 <=> C00013 + C00020 + C01944
fadrx,C00004 + C00016 <=> C00003 + C01352
fadrx2,C00005 + C00016 <=> C00006 + C01352
fba,C00354 <=> C00111 + C00118
fba3,C00447 <=> C00111 + C00279
fbp,C00001 + C00354 <=> C00009 + C00085
fdmo,C00007 + C01847 + C05123 <=> C00001 + C00061 + C00094 + C00266
fdmo2,C00007 + C01847 + C11145 <=> C00001 + C00061 + C00067 + C00094
fdmo6,C00007 + C01847 + C14179 <=> C00001 + C00048 + C00061 + C00094
fe3hoxabcpp,C00001 + C00002 <=> C00008 + C00009 + C06227
fe3hoxtonex,C06227 <=> 
fe3ri,C01352 + 2 C14819 <=> C00016 + 2 C14818
feropp,C00007 + 4 C14818 <=> 2 C00001 + 4 C14819
ffsd,C00001 + C02591 <=> C00092 + C00095
fhl,C00058 <=> C00011 + C00282
flvr,C00005 + C00255 <=> C00006 + C01007
flvrx,C00004 + C00255 <=> C00003 + C01007
fmnat,C00002 + C00061 <=> C00013 + C00016
fmnrx,C00004 + C00061 <=> C00003 + C01847
fmnrx2,C00005 + C00061 <=> C00006 + C01847
fometri,C03479 <=> C00001 + C00445
forct,C00209 + C00798 <=> C00058 + C00313
frupts2pp,C00074 + C00095 <=> C00022 + C00085
fthfd,C00001 + C00234 <=> C00058 + C00101
fthfli,C00002 + C00058 + C00101 <=> C00008 + C00009 + C00234
g1pact,C00024 + C03783 <=> C00010 + C04256
g1ptt,C00103 + C00459 <=> C00013 + C00842
g1sat,C03741 <=> C00430
g2pp,C00001 + C02979 <=> C00009 + C00116
g2pppp,C00001 + C02979 <=> C00009 + C00116
g3pd2,C00006 + C00093 <=> C00005 + C00111
g3pt,C00001 + C00093 <=> C00009 + C00116
g5sads,C01165 <=> C00001 + C03912
g5sd,C00005 + C03287 <=> C00006 + C00009 + C01165
g6pdh2r,C00006 + C00092 <=> C00005 + C01236
gal1pppp,C00001 + C00446 <=> C00009 + C00124
galkr,C00002 + C00124 <=> C00008 + C00446
galm2pp,C00962 <=> C00124
galtptspp,C00074 + C01697 <=> C00022 + C06311
galui,C00075 + C00103 <=> C00013 + C00029
gamptspp,C00074 + C00329 <=> C00022 + C00352
gapd,C00003 + C00009 + C00118 <=> C00004 + C00236
garft,C00234 + C03838 <=> C00101 + C04376
gart,C00002 + C00058 + C03838 <=> C00008 + C00009 + C04376
gcaldd,C00001 + C00003 + C00266 <=> C00004 + C00160
gdmane,C01222 <=> C14830
gdpdpk,C00002 + C00035 <=> C00020 + C01228
gdpmnh,C00001 + C00096 <=> C00035 + C00159
gdpmnp,C00001 + C00096 <=> C00144 + C00636
gdptpdp,C00001 + C04494 <=> C00013 + C00044
gggabadr,C00001 + C00006 + C15700 <=> C00005 + C15767
ghbdhx,C00004 + C00232 <=> C00003 + C00989
gk1,C00002 + C00144 <=> C00008 + C00035
glcral,C00679 <=> C00022 + C01146
glcrd,C00818 <=> C00001 + C00679
glgc,C00002 + C00103 <=> C00013 + C00498
glxcl,2 C00048 <=> C00011 + C01146
glyat,C00024 + C00037 <=> C00010 + C03214
glycdx,C00003 + C00116 <=> C00004 + C00184
glycltdx,C00004 + C00048 <=> C00003 + C00160
glycltdy,C00005 + C00048 <=> C00006 + C00160
glyk,C00002 + C00116 <=> C00008 + C00093
gmand,C00096 <=> C00001 + C01222
gmhepat,C00002 + C07838 <=> C00013 + C06397
gmhepk,C00002 + C07836 <=> C00008 + C11472
gmheppa,C00001 + C11472 <=> C00009 + C07838
gnk,C00002 + C00257 <=> C00008 + C00345
gofucr,C00005 + C14830 <=> C00006 + C00325
gp4gh,C00001 + C01261 <=> 2 C00035
gpdda1,C00001 + C00670 <=> C00093 + C00114
gpdda1pp,C00001 + C00670 <=> C00093 + C00114
gpdda2,C00001 + C01233 <=> C00093 + C00189
gpdda2pp,C00001 + C01233 <=> C00093 + C00189
gpdda4,C00001 + C03274 <=> C00093 + C00116
gpdda4pp,C00001 + C03274 <=> C00093 + C00116
gpdda5,C00001 + C01225 <=> C00093 + C00137
gpdda5pp,C00001 + C01225 <=> C00093 + C00137
grtt,C00129 + C00341 <=> C00013 + C00448
gsnk,C00002 + C00387 <=> C00008 + C00144
gtpci,C00001 + C00044 <=> C00058 + C04895
gtpcii2,3 C00001 + C00044 <=> C00013 + C00058 + C01304
gtpdpdp,C00001 + C04494 <=> C00009 + C01228
gtpdpk,C00002 + C00044 <=> C00020 + C04494
guacyc,C00044 <=> C00013 + C00942
guaprt,C00119 + C00242 <=> C00013 + C00144
gui1,C00191 <=> C00905
gur1pppp,C00001 + C05385 <=> C00009 + C00191
h2so,2 C00007 + C00283 <=> C00059
hacd1,C00004 + C00332 <=> C00003 + C01144
hacd2,C00004 + C05269 <=> C00003 + C05268
hacd3,C00004 + C05267 <=> C00003 + C05266
hacd4,C00004 + C05265 <=> C00003 + C05264
hacd5,C00004 + C05263 <=> C00003 + C05262
hacd6,C00004 + C05261 <=> C00003 + C05260
hacd7,C00004 + C05259 <=> C00003 + C05258
hacd8,C00004 + C16216 <=> C00003 + C16217
hadpcoadh3,C00003 + C14145 <=> C00004 + C02232
hbzopt,C00156 + C04146 <=> C00013 + C05809
hco3e,C00001 + C00011 <=> C00288
hetzk,C00002 + C04294 <=> C00008 + C04327
hex4,C00002 + C00159 <=> C00008 + C00275
hex7,C00002 + C00095 <=> C00008 + C00085
histp,C00001 + C01100 <=> C00009 + C00860
hknddh,C00001 + C04479 <=> C00042 + C00596
hmpk1,C00002 + C01279 <=> C00008 + C04556
hopntal,C03589 <=> C00022 + C00084
hppk2,C00002 + C01300 <=> C00020 + C04807
hpppndo,C00007 + C04044 <=> C04479
hpyri,C00168 <=> C01146
hxand,C00001 + C00003 + C00262 <=> C00004 + C00385
hxct,C00024 + C01585 <=> C00033 + C05270
hxprt,C00119 + C00262 <=> C00013 + C00130
hypoe,C00001 + C00647 <=> C00009 + C00534
icdhyr,C00006 + C00311 <=> C00005 + C00011 + C00026
ichors,C00251 <=> C00885
ichorsi,C00251 <=> C00885
ichort,C00001 + C00885 <=> C00022 + C04171
icl,C00311 <=> C00042 + C00048
igpdh,C04666 <=> C00001 + C01267
igps,C01302 <=> C00001 + C00011 + C03506
impc,C00001 + C00130 <=> C04734
impd,C00001 + C00003 + C00130 <=> C00004 + C00655
insk,C00002 + C00294 <=> C00008 + C00130
ipddi,C00129 <=> C00235
ipdps,C00004 + C11811 <=> C00001 + C00003 + C00129
ipmd,C00003 + C04411 <=> C00004 + C04236
ippmia,C04411 <=> C00001 + C02631
ippmib,C00001 + C02631 <=> C02504
ipps,C00001 + C00024 + C00141 <=> C00010 + C02504
kara2,C00005 + C00659 <=> C00006 + C04104
kdoct2,C00063 + C01187 <=> C00013 + C04121
kdopp,C00001 + C04478 <=> C00009 + C01187
kdops,C00001 + C00074 + C01112 <=> C00009 + C04478
lipatpt,C00002 + C00725 <=> C00013 + C16238
m1pd,C00003 + C00644 <=> C00004 + C00085
maltatr,C00024 + C00208 <=> C00010 + C02130
maltptspp,C00074 + C00208 <=> C00022 + C02995
man1pt2,C00035 + C00636 <=> C00009 + C00096
man6pi,C00275 <=> C00085
manao,C00003 + C00514 <=> C00004 + C00905
manglycptspp,C00074 + C11544 <=> C00022 + C16699
manptspp,C00074 + C00159 <=> C00022 + C00275
mcitd,C02225 <=> C00001 + C04225
mcitl2,C04593 <=> C00022 + C00042
mcits,C00001 + C00036 + C00100 <=> C00010 + C02225
mcpst,C00177 + C00957 <=> C00022 + C01755
mecdps,C11436 <=> C00055 + C11453
mepct,C00063 + C11434 <=> C00013 + C11435
mgsa,C00111 <=> C00009 + C00546
micitdr,C00001 + C04225 <=> C04593
mltp1,C00009 + C06218 <=> C00103 + C02013
mltp2,C00009 + C01936 <=> C00103 + C06218
mltp3,C00009 + C06216 <=> C00103 + C01936
mn6pp,C00001 + C00275 <=> C00009 + C00159
mnlptspp,C00074 + C00392 <=> C00022 + C00644
mnnh,C00514 <=> C00001 + C00204
moat,C04121 + C04919 <=> C00055 + C06024
moat2,C04121 + C06024 <=> C00055 + C06025
mobdabcpp,C00001 + C00002 + C06232 <=> C00008 + C00009
mobdtex, <=> C06232
mohmt,C00001 + C00141 + C00143 <=> C00101 + C00966
msar,C00005 + C00222 <=> C00006 + C01013
mtan,C00001 + C00170 <=> C00147 + C03089
mthfc,C00001 + C00445 <=> C00234
mthfd,C00006 + C00143 <=> C00005 + C00445
mthfr2,C00004 + C00143 <=> C00003 + C00440
nacoda,C00001 + C01250 <=> C00033 + C01165
naddp,C00001 + C00003 <=> C00020 + C00455
nadk,C00002 + C00003 <=> C00006 + C00008
nadn,C00001 + C00003 <=> C00153 + C00301
nadppps,C00001 + C00006 <=> C00003 + C00009
nadtrhd,C00003 + C00005 <=> C00004 + C00006
namnpp,C00001 + C00002 + C00119 + C00253 <=> C00008 + C00009 + C00013 + C01185
ndpk1,C00002 + C00035 <=> C00008 + C00044
ndpk2,C00002 + C00015 <=> C00008 + C00075
ndpk3,C00002 + C00112 <=> C00008 + C00063
ndpk4,C00002 + C00363 <=> C00008 + C00459
ndpk5,C00002 + C00361 <=> C00008 + C00286
ndpk6,C00002 + C01346 <=> C00008 + C00460
ndpk7,C00002 + C00705 <=> C00008 + C00458
ndpk8,C00002 + C00206 <=> C00008 + C00131
nhfrbo,C00004 + 2 C00533 <=> C00001 + C00003 + C00887
nmnat,C00002 + C00455 <=> C00003 + C00013
nmnn,C00001 + C00455 <=> C00153 + C03736
nmnt7pp,C00001 + C00455 <=> C00153 + C03736
nnatr,C00002 + C01185 <=> C00013 + C00857
nndmbrt,C01185 + C03114 <=> C00253 + C04778
nndpr,C00119 + C03722 <=> C00011 + C00013 + C01185
nodox,C00004 + 2 C00007 + 2 C00533 <=> C00003 + 2 C00244
nodoy,C00005 + 2 C00007 + 2 C00533 <=> C00006 + 2 C00244
ntd1,C00001 + C00365 <=> C00009 + C00526
ntd10,C00001 + C00655 <=> C00009 + C01762
ntd10pp,C00001 + C00655 <=> C00009 + C01762
ntd11,C00001 + C00130 <=> C00009 + C00294
ntd11pp,C00001 + C00130 <=> C00009 + C00294
ntd12,C00001 + C06196 <=> C00009 + C05512
ntd12pp,C00001 + C06196 <=> C00009 + C05512
ntd1pp,C00001 + C00365 <=> C00009 + C00526
ntd2,C00001 + C00105 <=> C00009 + C00299
ntd2pp,C00001 + C00105 <=> C00009 + C00299
ntd3,C00001 + C00239 <=> C00009 + C00881
ntd3pp,C00001 + C00239 <=> C00009 + C00881
ntd4,C00001 + C00055 <=> C00009 + C00475
ntd4pp,C00001 + C00055 <=> C00009 + C00475
ntd5,C00001 + C00364 <=> C00009 + C00214
ntd5pp,C00001 + C00364 <=> C00009 + C00214
ntd6,C00001 + C00360 <=> C00009 + C00559
ntd6pp,C00001 + C00360 <=> C00009 + C00559
ntd7,C00001 + C00020 <=> C00009 + C00212
ntd7pp,C00001 + C00020 <=> C00009 + C00212
ntd8,C00001 + C00362 <=> C00009 + C00330
ntd8pp,C00001 + C00362 <=> C00009 + C00330
ntd9,C00001 + C00144 <=> C00009 + C00387
ntd9pp,C00001 + C00144 <=> C00009 + C00387
ntp1,C00001 + C00002 <=> C00008 + C00009
ntp10,C00001 + C00081 <=> C00009 + C00104
ntp11,C00001 + C01345 <=> C00009 + C01344
ntp3,C00001 + C00044 <=> C00009 + C00035
ntp3pp,C00001 + C00044 <=> C00009 + C00035
ntp5,C00001 + C00063 <=> C00009 + C00112
ntpp1,C00001 + C00286 <=> C00013 + C00362
ntpp10,C00001 + C01345 <=> C00013 + C06196
ntpp11,C00001 + C00700 <=> C00013 + C00655
ntpp2,C00001 + C00044 <=> C00013 + C00144
ntpp3,C00001 + C00458 <=> C00013 + C00239
ntpp4,C00001 + C00063 <=> C00013 + C00055
ntpp5,C00001 + C00131 <=> C00013 + C00360
ntpp6,C00001 + C00002 <=> C00013 + C00020
ntpp7,C00001 + C00459 <=> C00013 + C00364
ntpp8,C00001 + C00075 <=> C00013 + C00105
ntpp9,C00001 + C00081 <=> C00013 + C00130
ntptp1,C00001 + C00286 <=> C00330 + C00536
ntptp2,C00001 + C00044 <=> C00387 + C00536
oaadc,C00036 <=> C00011 + C00022
obtfl,C00010 + C00109 <=> C00058 + C00100
octdps,5 C00129 + C00448 <=> 5 C00013 + C04146
ohphm,C00019 + C05811 <=> C00021 + C05812
omcdc,C04236 <=> C00011 + C00233
ompdc,C01103 <=> C00011 + C00105
op4enh,C00001 + C00596 <=> C03589
ophbdc,C05809 <=> C00011 + C05810
ophhx,0.5 C00007 + C05810 <=> C05811
ophhx3,3 C00001 + 2 C00002 + C00003 + C05810 <=> C00004 + 2 C00008 + 2 C00009 + C05811
orndc,C00077 <=> C00011 + C00134
orpt,C00013 + C01103 <=> C00119 + C00295
oxamtc,C00009 + C00802 <=> C00169 + C01444
oxcdc,C00313 <=> C00011 + C00798
paccoal,C00002 + C00010 + C00548 <=> C00013 + C00020 + C00582
papsr,C00053 + C00342 <=> C00054 + C00094 + C00343
pde1,C00001 + C00575 <=> C00020
pde4,C00001 + C00942 <=> C00144
pdh,C00003 + C00010 + C00022 <=> C00004 + C00011 + C00024
pdx5po2,C00003 + C00627 <=> C00004 + C00018
pdx5poi,C00007 + C00627 <=> C00018 + C00027
pdx5ps,C00003 + C06055 + C11437 <=> 2 C00001 + C00004 + C00009 + C00011 + C00627
pdxpp,C00001 + C00627 <=> C00009 + C00314
perd,C00003 + C03393 <=> C00004 + C06054
pfk,C00002 + C00085 <=> C00008 + C00354
pfk_3,C00002 + C05382 <=> C00008 + C00447
pfl,C00010 + C00022 <=> C00024 + C00058
pgamt,C03783 <=> C00352
pgcd,C00003 + C00197 <=> C00004 + C03232
pgi,C00092 <=> C00085
pgk,C00002 + C00197 <=> C00008 + C00236
pgl,C00001 + C01236 <=> C00345
pglycp,C00001 + C00988 <=> C00009 + C00160
pgm,C00631 <=> C00197
pgmt,C00103 <=> C00092
phytspp,6 C00001 + C01204 <=> 6 C00009 + C00137
pmanm,C00636 <=> C00275
pmdpht,C00001 + C04454 <=> C00009 + C04732
pmpk,C00002 + C04556 <=> C00008 + C04752
ppa,C00001 + C00013 <=> 2 C00009
ppa2,C00001 + C00536 <=> C00009 + C00013
ppakr,C00008 + C02876 <=> C00002 + C00163
ppbngs,2 C00430 <=> 2 C00001 + C00931
ppc,C00001 + C00011 + C00074 <=> C00009 + C00036
ppcdc,C04352 <=> C00011 + C01134
ppck,C00002 + C00036 <=> C00008 + C00011 + C00074
ppcsct,C00042 + C00100 <=> C00091 + C00163
ppgppdp,C00001 + C01228 <=> C00013 + C00035
ppk2r,C00002 + C00013 <=> C00008 + C00536
ppkr,C00002 + C00009 <=> C00008 + C00013
ppm,C00620 <=> C03736
ppm2,C00672 <=> C00673
ppndh,C00254 <=> C00001 + C00011 + C00166
pppgo,1.5 C00007 + C01079 <=> 3 C00001 + C02191
pppgo3,3 C00122 + C01079 <=> 3 C00042 + C02191
pppndo,C00004 + C00007 + C05629 <=> C00003 + C11588
pps,C00001 + C00002 + C00022 <=> C00009 + C00020 + C00074
ppthpp,C00001 + C06701 <=> C00009 + C00282
pragsr,C00002 + C00037 + C03090 <=> C00008 + C00009 + C03838
prais,C00002 + C04640 <=> C00008 + C00009 + C03373
praii,C04302 <=> C01302
prampc,C00001 + C02741 <=> C04896
pratpp,C00001 + C02739 <=> C00013 + C02741
prmici,C04896 <=> C04916
prpps,C00002 + C03736 <=> C00020 + C00119
pscvt,C00074 + C03175 <=> C00009 + C01269
pta2,C00009 + C00100 <=> C00010 + C02876
ptar,C00009 + C00024 <=> C00010 + C00227
ptpati,C00002 + C01134 <=> C00013 + C00882
punp1,C00009 + C00212 <=> C00147 + C00620
punp2,C00009 + C00559 <=> C00147 + C00672
punp3,C00009 + C00387 <=> C00242 + C00620
punp4,C00009 + C00330 <=> C00242 + C00672
punp5,C00009 + C00294 <=> C00262 + C00620
punp6,C00009 + C05512 <=> C00262 + C00672
punp7,C00009 + C01762 <=> C00385 + C00620
pydamk,C00002 + C00534 <=> C00008 + C00647
pydxk,C00002 + C00250 <=> C00008 + C00018
pydxnk,C00002 + C00314 <=> C00008 + C00627
pydxpp,C00001 + C00018 <=> C00009 + C00250
pyk,C00008 + C00074 <=> C00002 + C00022
pynp2r,C00009 + C00299 <=> C00106 + C00620
quindh,C00003 + C00296 <=> C00004 + C00944
qulns,C00111 + C05840 <=> 2 C00001 + C00009 + C03722
r15bpk,C00002 + C01151 <=> C00008 + C00119
r1pk,C00002 + C00620 <=> C00008 + C01151
rbfk,C00002 + C00255 <=> C00008 + C00061
rbfsa,C04732 + C15556 <=> 2 C00001 + C00009 + C04332
rbfsb,2 C04332 <=> C00255 + C04732
rmi,C00507 <=> C00861
rmk,C00002 + C00861 <=> C00008 + C01131
rndr1,C00008 + C00342 <=> C00001 + C00206 + C00343
rndr2,C00035 + C00342 <=> C00001 + C00343 + C00361
rndr3,C00112 + C00342 <=> C00001 + C00343 + C00705
rndr4,C00015 + C00342 <=> C00001 + C00343 + C01346
rz5pp,C00001 + C04778 <=> C00009 + C05775
s7pi,C05382 <=> C07836
sadt2,C00001 + C00002 + C00044 + C00059 <=> C00009 + C00013 + C00035 + C00224
sarcox,C00001 + C00007 + C00213 <=> C00027 + C00037 + C00067
sbtpd,C00003 + C01096 <=> C00004 + C00085
sdpds,C00001 + C04421 <=> C00042 + C00666
selnps,C00001 + C00002 + C01528 <=> C00009 + C00020 + C05172
sephchcs,C00026 + C00885 <=> C00011 + C16519
sgsad,C00001 + C00003 + C05932 <=> C00004 + C05931
shchcs3,C16519 <=> C00022 + C05817
shchd2,C00003 + C02463 <=> C00004 + C05778
shk3dr,C00005 + C02637 <=> C00006 + C00493
shkk,C00002 + C00493 <=> C00008 + C03175
spmdat1,C00024 + C00315 <=> C00010 + C00612
spmdat2,C00024 + C00315 <=> C00010 + C01029
spms,C00134 + C01137 <=> C00170 + C00315
spodm,2 C00704 <=> C00007 + C00027
spodmpp,2 C00704 <=> C00007 + C00027
ssalx,C00001 + C00003 + C00232 <=> C00004 + C00042
ssaly,C00001 + C00006 + C00232 <=> C00005 + C00042
sucbzl,C00002 + C00010 + C02730 <=> C00013 + C00020 + C03160
sucbzs,C05817 <=> C00001 + C02730
sucoas,C00002 + C00010 + C00042 <=> C00008 + C00009 + C00091
sucptspp,C00074 + C00089 <=> C00022 + C02591
sulri,3 C00005 + C00094 <=> 3 C00001 + 3 C00006 + C00283
tagurr,C00003 + C00817 <=> C00004 + C00558
tala,C00118 + C05382 <=> C00085 + C00279
taudo,C00007 + C00026 + C00245 <=> C00011 + C00042 + C00094 + C06735
tdp,C00001 + C00068 <=> C00009 + C01081
tdpdre,C11907 <=> C00688
tdpdrr,C00005 + C00688 <=> C00006 + C03319
tdpgdh,C00842 <=> C00001 + C11907
tdsk,C00002 + C04932 <=> C00008 + C04919
thd2pp,C00004 + C00006 <=> C00003 + C00005
thdps,C00001 + C00091 + C03972 <=> C00010 + C04462
thfat,C00001 + C00445 <=> C03479
thiordxi,C00027 + C00342 <=> 2 C00001 + C00343
tmdk1,C00002 + C00214 <=> C00008 + C00364
tmdpp,C00009 + C00214 <=> C00178 + C00672
tmds,C00143 + C00365 <=> C00364 + C00415
tmk,C00002 + C00378 <=> C00008 + C01081
tmpk,C00002 + C01081 <=> C00008 + C00068
tmppp,C04327 + C04752 <=> C00013 + C01081
tpi,C00111 <=> C00118
trdr,C00005 + C00343 <=> C00006 + C00342
tre6pp,C00001 + C00689 <=> C00009 + C01083
tre6ps,C00029 + C00092 <=> C00015 + C00689
treptspp,C00074 + C01083 <=> C00022 + C00689
trps3,C03506 <=> C00118 + C00463
uacgalppp,C00001 + C00203 <=> C00105 + C18060
uacgamppp,C00001 + C00043 <=> C00105 + C04256
uacmamo,C00001 + 2 C00003 + C01170 <=> 2 C00004 + C06240
uag2e,C00043 <=> C01170
uagcvt,C00043 + C00074 <=> C00009 + C04631
uagdp,C00075 + C04256 <=> C00013 + C00043
uapgr,C00005 + C04631 <=> C00006 + C01050
udpg4e,C00029 <=> C00052
udpgalm,C00052 <=> C03733
udpgalppp,C00001 + C00052 <=> C00105 + C00446
udpgd,C00001 + 2 C00003 + C00029 <=> 2 C00004 + C00167
udpgppp,C00001 + C00029 <=> C00103 + C00105
uglcurppp,C00001 + C00167 <=> C00105 + C05385
uglt,C00029 + C00446 <=> C00052 + C00103
ugmdds,C00002 + C00993 + C04877 <=> C00008 + C00009 + C04882
uhgada,C00001 + C04738 <=> C00033 + C06022
ula4nft,C00234 + C16153 <=> C00101 + C16154
umpk,C00002 + C00105 <=> C00008 + C00015
upp3mt,2 C00019 + C01051 <=> 2 C00021 + C02463
upp3s,C01024 <=> C00001 + C01051
uppdc1,C01051 <=> 4 C00011 + C03263
upprt,C00106 + C00119 <=> C00013 + C00105
urdglycd,C00003 + C00603 <=> C00004 + C00802
uric,2 C00001 + C00007 + C00366 <=> C00011 + C00027 + C01551
urik2,C00044 + C00299 <=> C00035 + C00105
xand,C00001 + C00003 + C00385 <=> C00004 + C00366
xppt,C00119 + C00385 <=> C00013 + C00655
